S.no.,Name of the show,Year of release,No of seasons available,Language,Genre,IMDb rating,Age of viewers
1,Pataal Lok,2020,1,Hindi,Drama,7.5,18+
2,Upload,2020,1,English,Sci-fi comedy,8.1,16+
3,The Marvelous Mrs. Maisel,2017,3,English,"Drama, Comedy",8.7,16+
4,Four More Shots Please,2019,2,Hindi,"Drama, Comedy",5.3,18+
5,Fleabag,2016,2,English,Comedy,8.7,18+
6,Made in Heaven,2019,1,Hindi,Drama,8.3,18+
7,Homecoming,2018,2,English,Drama,7.5,16+
8,Mirzapur,2018,1,Hindi,Drama,8.5,18+
9,The Family Man,2019,1,Hindi,"Drama, Action",8.6,18+
10,Modern Love,2019,1,English,"Drama, Romance, Comedy",8,16+
11,Comicstaan,2018,2,Hindi,"Arts, Entertainment, Culture",,18+
12,Inside Edge,2017,2,Hindi,"Sports, Drama",8,18+
13,The Boys,2019,2,English,"Action, Comedy",8.7,18+
14,Hanna,2019,2,English,"Drama, Action",7.5,16+
15,Hunters,2020,1,English,"Drama, Action, Suspense",7.2,18+
16,Good Omens,2019,1,English,"Fantasy, Comedy",,16+
17,Breathe,2018,1,Hindi,"Drama, Suspense",8.4,16+
18,The Forgotten Army- Azaadi ke Liye,2020,1,Hindi,"Drama, Action",8,18+
19,Tom Clancy's Jack Ryan,2018,2,English,"Drama, Action, Suspense",8.1,16+
20,Tales from the Loop,2020,1,English,Sci-fi ,7.5,18+
21,The Test: A New Era for Australia's Team,2020,1,English,Documentary,9,16+
22,The Man in the High Castle,2015,4,English,"Drama, Suspense",8,18+
23,One Mic Stand,2019,1,Hindi,Comedy,6.5,16+
24,Undone,2019,1,English,"Animation, Drama",8.2,16+
25,American Gods,2017,2,English,"Sci-fi, Drama, Suspense",7.8,18+
26,The Tick,2018,2,English,"Comedy, Action",7.4,16+
27,Jestination Unknown,2019,1,Hindi,"Comedy, Arts, Entertainment, Culture",6.2,16+
28,Man with a Plan,2018,4,English,Drama,,All
29,Suits,2011,8,English,Drama,8.5,16+
30,Doctor Who,2005,13,English,Sci-fi,,All
31,Grey's Anatomy,2005,15,English,Drama,7.6,16+
32,The Mentalist,2009,7,English,Drama,8.1,16+
33,Afsos,2020,1,Hindi,"Drama, Comedy",,16+
34,Laakhon Mein Ek,2017,2,Hindi,Drama,,16+
35,House,2005,8,English,Drama,,16+
36,The Good Doctor,2018,3,English,Drama,,16+
37,The Vampire Diaries,2010,8,English,"Drama, Horror, Romance, Suspense",7.7,16+
38,Hostel Daze,2019,1,Hindi,"Drama, Comedy",8.7,16+
39,Mr. Robot,2015,3,English,"Drama, Suspense",8.5,18+
40,Supernatural,2006,15,English,"Drama, Suspense, Horror",8.4,16+
41,Dexter,2006,8,English,Drama,8.6,18+
42,The Magicians,2016,2,English,"Drama, Suspense, Fantasy",,16+
43,Blindspot,2016,5,English,Drama,7.4,16+
44,The Good Wife,2010,7,English,Drama,8.3,16+
45,Peaky Blinders,2013,6,English,Action,8.7,18+
46,Chacha Vidhayak Hain Humare,2018,1,Hindi,"Drama, Comedy",,16+
47,Scorpion,2015,4,English,Drama,7.0,13+
48,Shameless,2011,10,English,"Comedy, Drama",8.6,18+
49,Reign,2014,4,English,Drama,,16+
50,Downtown Abbey,2010,6,English,Drama,8.7,7+
51,McMafia,2018,1,English,Drama,,13+
52,This is Us,2017,3,English,Drama,8.7,16+
53,The Penguin,2024,1,English,Drama,8.7,18+
54,Nikita,2011,4,English,"Drama, Action",,18+
55,Carnival Row,2019,1,English,"Drama, Fantasy",7.9,16+
56,Legacies,2019,2,English,Drama,,16+
57,Bates Motel,2013,5,English,"Drama, Horror, Suspense",,16+
58,The Exorcist,2016,2,English,Drama,8.1,16+
59,The Night Manager,2016,1,English,"Drama, Suspense",8.1,18+
60,The Originals,2014,5,English,"Drama, Horror, Fantasy",8.2,16+
61,The Purge,2018,2,English,"Drama, Horror, Suspense",,18+
62,Deception,2018,1,English,Drama,,13+
63,The Last Ship,2014,5,English,"Drama, Suspense, Action",7.5,16+
64,Treadstone,2019,1,English,Drama,7,16+
65,The Terror,2018,2,English,"Drama, Suspense, Adventure",,16+
66,Manifest,2019,2,English,Drama,,16+
67,Pushpavalli,2017,2,Hindi,"Drama, Comedy",,16+
68,Fringe,2009,5,English,Sci-fi,8.4,16+
69,Person of Interest,2012,5,English,"Drama, Action, Suspense",8.4,16+
70,The Affair,2014,5,English,Drama,,18+
71,The American Playboy: The Hugh Hefner Story,2017,1,English,"Drama, Documentary",,18+
72,The Widow,2019,1,English,"Drama, Suspense",6.9,16+
73,God Friended Me,2019,2,English,"Drama, Comedy",,All
74,Star Trek: Picard,2020,1,English,Sci-fi,7.6,18+
75,Fear the Walking Dead,2015,5,English,"Drama, Horror",6.9,16+
76,Taken,2017,2,English,"Drama, Action",,16+
77,Bosch,2015,6,English,Drama,8.4,18+
78,Elementary,2013,7,English,"Drama, Suspense",7.9,16+
79,Beauty and the Beast,2013,4,English,"Drama, Sci-fi",7.1,16+
80,NCIS,2004,17,English,"Drama, Action",7.8,16+
81,Masters of Sex,2013,4,English,Fantasy,,16+
82,Into the Badlands,2015,3,English,"Drama, Action, Sci-fi",8,16+
83,Vella Raja,2018,1,Hindi,Action,,16+
84,Bang Baaja Baaraat,2015,1,Hindi,Drama,8,18+
85,Covert Affairs,2010,5,English,"Drama, Action",,13+
86,The Handmaid's Tale,2017,3,English,Drama,8.5,18+
87,Gangstars,2018,1,Telugu,"Drama, Suspense",,13+
88,Madam Secretary,2015,5,English,Drama,,13+
89,Marvel's Runaways,2018,3,English,"Drama, Sci-fi",,16+
90,One Tree Hill,2004,9,English,Drama,,13+
91,Absentia,2018,2,English,"Drama, Suspense",7.3,16+
92,Grimm,2012,6,English,"Drama, Action, Adventure",,16+
93,Heroes,2007,4,English,"Drama, Sci-fi",,16+
94,Startup,2016,3,English,Drama,8,18+
95,Extant,2014,2,English,Drama,6.6,16+
96,Goliath,2016,3,English,Drama,8.2,18+
97,Station 19,2018,3,English,Drama,,16+
98,Diablo Guardian,2018,2,English,Drama,6,18+
99,Lethal Weapon,2017,3,English,"Drama, Action",7.9,16+
100,Chernobyl: Aftermath,2016,1,English,Drama,,13+
101,Blue Bloods,2011,10,English,Drama,7.6,16+
102,Patriot,2017,2,English,"Drama, Suspense",8.3,18+
103,Rizzoli and Isles,2010,7,English,"Drama, Action",7.6,16+
104,Luther,2010,5,English,Drama,,18+
105,Dispatches from Elsewhere,2020,1,English,"Drama, Suspense",,16+
106,Mad Men,2007,7,English,Drama,8.6,16+
107,The Looming Tower,2018,1,English,"Drama, Suspense",,18+
108,Siyaasat,2015,1,Hindi,Drama,,13+
109,The Witcher,2019,3,English,"Drama, Action",8.0,16+
110,The Baker and The Beauty,2014,2,Hebrew,"Drama, Romance",,13+
111,"Roswell, New Mexico",2019,2,English,Drama,,All
112,Pretty Little Liars: The Perfectionists,2019,1,English,Drama,,13+
113,Major Crimes,2012,6,English,Drama,7.7,16+
114,Happy Marriage!,2018,1,Japanese,"Drama, Romance",,13+
115,The Crossing,2018,1,English,"Drama, Sci-fi",,All
116,Famous in Love,2017,2,English,"Drama, Romance",6.9,All
117,Rush,2014,4,English,Drama,,18+
118,Whiskey Cavalier,2019,1,English,"Drama, Comedy, Action",,13+
119,Hawaii Five-O,2011,10,English,"Drama, Action",7.3,16+
120,Penny Dreadful,2014,3,English,"Drama, Horror",8.2,All
121,You are Wanted,2017,3,English,Drama,,13+
122,3 Body Problem,2024,1,English,"Drama, Sci-fi, Action",7.5,13+
123,Parenthood,2010,6,English,"Drama, Comedy",,16+
124,Marvel's Cloak & Dagger,2018,2,English,"Drama, Fantasy",,16+
125,Preacher,2016,4,English,Drama,8,18+
126,The Trial: A Murder in the Family,2017,1,English,Drama,,16+
127,Claws,2017,3,English,Drama,7.3,All
128,The Good Fight,2017,3,English,Drama,,18+
129,Sneaky Pete,2017,3,English,Drama,8.2,18+
130,The Orvile,2017,3,Gilang,"Drama, Sci-fi",8.0,16+
131,American Woman,2018,1,English,"Drama, Comedy",,All
132,Hap and Leonard,2016,3,English,"Drama, Suspense",7.6,16+
133,Chicago Med,2016,4,English,Drama,,All
134,Murder in the First,2014,3,English,Drama,7.2,18+
135,House of Lies,2012,5,English,"Drama, Comedy",7.4,18+
136,The Missing,2014,2,English,Drama,,16+
137,Dance Academy,2010,3,English,Drama,8.1,7+
138,A very English Scandal,2018,1,English,Drama,,16+
139,Mozart in the Jungle,2014,4,English,"Drama, Comedy",8.2,18+
140,Fallout,2024,1,English,"Drama, Action",8.3,16+
141,The Romanoffs,2018,1,English,Drama,7,16+
142,El Presidente,2020,1,Spanish,Drama,,All
143,Ray Donovan,2013,6,English,Drama,8.3,All
144,The Neighbors,2014,2,Nederlands,Drama,,16+
145,Training Day,2017,1,English,"Drama, Action",6,16+
146,Flesh and Bone,2015,1,English,"Drama, F, Arts, Entertainment, Culture",8,18+
147,Injustice,2011,1,English,Drama,,13+
148,Tokyo Girl,2018,1,Japanese,"Drama, Comedy",8.1,13+
149,Z: The Beginning of Everything,2017,1,English,Drama,7.2,18+
150,Guilt,2016,1,English,Drama,6,All
151,Good Girls Revolt,2016,1,English,Drama,8.2,18+
152,Hand of God,2015,2,English,Drama,7.5,18+
153,The Rook,2019,1,English,Drama,,18+
154,Time After Time,2017,1,English,"Drama, Sci-fi",6.7,16+
155,Life,2007,2,English,Drama,8.3,All
156,Hunter,1985,7,English,Drama,,16+
157,The Missing,2014,2,English,Drama,,16+
158,Fukuyadou Honpo-Kyoto Love Story,2018,1,Japanese,"Drama, Romance",7.7,13+
159,Collision,2009,1,English,Drama,,13+
160,Presumed Guilty,2016,1,Italiano,Drama,,18+
161,Deutschland,2015,1,Deutsch,Drama,8.1,18+
162,Lore,2017,2,English,Horror,6.7,16+
163,Tokyo Alice,2019,1,Japanese,Drama,4,13+
164,Warrior's Way,2018,1,English,Drama,,13+
165,Silk Stalkings,1992,4,English,Drama,,16+
166,Parent,2014,5,English,"Drama, Comedy",7.8,18+
167,The Last Tycoon,2017,1,English,Drama,7.7,18+
168,Too Old to Die Young,2019,1,English,Drama,,18+
169,4 Blocks,2017,2,English,Drama,,16+
170,Haunted,2005,1,French,Drama,,13+
171,Lodge 49,2018,1,English,"Drama, Comeddy",,18+
172,The First,2018,1,English,"Drama, Sci-fi",,18+
173,Black sun,2017,1,Serbian,Drama,,18+
174,Life Sentence,2018,1,English,Drama,,16+
175,Shackleton: Trapped in the South Pole,2002,1,English,Drama,,16+
176,Final Life,2019,1,Japanese,Drama,5.2,16+
177,Falling Water,2016,2,English,"Drama, Sci-fi",6.5,16+
178,"Midnight, Texas",2017,2,English,Drama,,All
179,The Idolm@aster.kr,2017,1,Japanese,Drama,,13+
180,Inside Borussia Dortmund,2019,1,English,"Drama, Documentary",,All
181,All American,2019,2,English,"Drama, Sports",,All
182,Almirante Hotel,2015,1,Spanish,Drama,,13+
183,The Collection,2016,1,English,Drama,7.1,16+
184,Beat,2018,1,English,Drama,7.4,16+
185,Coloner March of Scotland Yard,1956,1,English,Drama,,7+
186,New Worlds,2014,1,English,Drama,,16+
187,Missing Evidence,2015,1,English,Drama,,All
188,Deadly Game,2013,1,Italiano,Drama,,16+
189,Feed the Beast,2016,1,English,Drama,6.7,16+
190,The Commish,1992,4,English,Drama,,16+
191,Water Rats,1996,7,English,Drama,,16+
192,The Incredible Journey of Mary Bryant,2007,1,English,Drama,,18+
193,Dietland,2018,1,English,"Drama, Comedy",,16+
194,One Mississippi,2016,2,English,Drama,7.3,18+
195,Roadies,2016,1,English,"Drama, Comedy",7.3,18+
196,Lifeline,2018,1,Russian,Drama,,13+
197,The Secrets of Borgo Lairci,2014,1,Italiano,Drama,,16+
198,MAGI The Tensho Boys' Embassy,2019,1,Japanese,Drama,,16+
199,Stingray,1986,2,English,Drama,,16+
200,Tucker's Witch,1983,1,English,Drama,,16+
201,Extrano Enemigo,2018,1,Spanish,Drama,,16+
202,The Cecil B. DeMille Classics Collection,1926,1,English,Drama,,13+
203,The Path,2016,3,English,Drama,7.3,18+
204,Girlfriends Guide to Divorce,2015,5,English,Comedy,6.9,All
205,Lorena,2019,1,English,Documentary,7.2,16+
206,When We Go to War,2015,1,English,Drama,,18+
207,Peter Gunn,1959,3,English,Drama,,13+
208,Queen Sugar,2016,4,English,Drama,7.7,All
209,Alone Together,2018,2,English,Comedy,,16+
210,Booker,1990,1,English,Drama,,16+
211,Casanova: PBS Masterpiece Theatre- The Complete Series,2005,1,English,Drama,,18+
212,Mr. Lucky,1960,1,English,Drama,,13+
213,The Lives of the Saints,2007,1,English,Drama,,13+
214,Neon Rider,1990,5,English,Drama,,16+
215,The Ray Bradbury Theatre,1986,6,English,Drama,,13+
216,Silver and Gold,2017,1,Japanese,Drama,,18+
217,An Unknown Enemy,2018,1,Spanish,Drama,8.1,18+
218,Black Harbour,1997,2,English,Drama,,13+
219,Family Pictures,1993,1,English,Drama,,13+
220,To the Ends of the Earth (BBC Series),2005,1,English,Drama,,13+
221,The Red Line,2019,1,English,Drama,,All
222,Your brush with Nature,2008,1,English,Drama,,All
223,The Last Ship,2014,5,English,"Drama, Suspense, Action",7.5,16+
224,Constantine,2015,1,English,"Sci-fi, Action, Suspense ",7.5,16+
225,Super Wings,2016,3,English,Kids,,All
226,Lockout,2016,1,Italiano,Action,,16+
227,Lost in Oz,2017,2,English,Kids,7.7,7+
228,Journey with Dylan Dreyer,2017,1,English,Action,,13+
229,Vir the Robot Boy,2013,2,Hindi,Kids,,7+
230,Forensic Files,1998,20,English,Documentary,,13+
231,Highway on my Plate,2013,1,English,Adventure,,All
232,The Lost World,2000,3,English,Action,,13+
233,T-Buster,2018,1,English,Kids,,All
234,Tobot,2018,4,English,Kids,,7+
235,Tropical Heat,1991,3,English,Action,,16+
236,Amazon Riders,2018,2,Japanese,Action,7.9,13+
237,Hitler's Eastern Front,2009,1,English,Action,,13+
238,Full Disclosure,2015,2,Italiano,Action,,16+
239,Conviction,2009,1,French,Action,,13+
240,Junior G,2001,2,Hindi,Action,,7+
241,U.S Bounty Hunters,2013,2,English,Action,,16+
242,Legacy,2017,1,Serbian,Action,,13+
243,The Adventures of Robin Hood,1956,4,English,Adventure,,13+
244,Skulls and Roses,2019,1,Hindi,Action,4.3,18+
245,Caribbean Thunder,2011,1,Italiano,Action,,13+
246,The New Adventures of Flash Gordon,1979,1,English,Action,,7+
247,Renegade,1993,5,English,Action,,16+
248,Strike Force,2014,2,Nederlands,Action,,16+
249,The Harbor: Aberdeen,2015,2,English,Action,,13+
250,Teen Wolf,1986,2,English,Action,,7+
251,The Buccaneers,1957,1,English,Action,,13+
252,Cocomong,2008,2,English,Kids,,All
253,Vancy Derringer,1959,1,English,Action,,13+
254,Shark Man,2014,1,English,Action,,13+
255,Bhoot and Friends,2019,1,Hindi,Kids,,7+
256,The Greatest American Hero,1981,3,English,Action,,16+
257,Space Precinct: Complete Series,1995,1,English,Action,,13+
258,Which Way To ,2012,2,English,Action,,All
259,Young Sheldon,2018,3,English,Comedy,,13+
260,The Big Bang Theory,2008,12,English,Comedy,,13+
261,The Office,2005,9,English,Comedy,,13+
262,Mr. Bean,1995,1,English,Comedy,8.5,16+
263,Mind the Malhotras,2019,1,Hindi,Comedy,,16+
264,Mr. Bean: The Animated Series,2016,3,English,Comedy,6.8,13+
265,2 Broke Girls,2012,6,English,Comedy,6.7,16+
266,The Stinky & Dirty Show,2016,2,English,"Kids, Animation",7.1,All
267,Joey,2005,1,English,Comedy,,7+
268,Two and a Half Men,2003,12,English,Comedy,7,16+
269,Selfie with Bajrangi,2018,2,English,Kids,,All
270,Russell Peters: Deported,2020,1,English,Comedy,6.1,16+
271,Classic Popeye,1960,2,English,Animation,,All
272,Inspector Chingum,2018,2,Hindi,Kids,,7+
273,Eeena Meena Deeka,2014,1,English,Kids,,7+
274,Psych,2007,8,English,Comedy,,13+
275,Mom,2014,7,English,Comedy,7.2,16+
276,Yeh Jo hain Zindagi,1984,1,Hindi,Comedy,,13+
277,Oggy and the Cockroaches,1998,7,Hindi,Kids,7.3,7+
278,The Kicks,2016,1,English,"Sports, Drama",6.9,All
279,The PowerPuff Girls,1999,5,English,"Kids, Animation",7.2,All
280,The Middle,2010,9,English,Comedy,7.5,7+
281,Zabaan Sambhalke,1993,1,Hindi,Comedy,,13+
282,Seinfeld,1990,9,English,Comedy,8.8,13+
283,Parks and Recreation,2009,7,English,Comedy,,13+
284,Chaplin & Co,2012,1,English,Comedy,5.8,7+
285,Shaitaan Haveli,2018,1,Hindi,Comedy,,16+
286,The Fresh Prince of Bel-Air,1991,6,English,Comedy,,7+
287,Jimmy O. Yang: Good Deal,2020,1,English,"Arts, Entertainment, Culture",7.1,18+
288,Cat vs Keet,2015,1,English,Kids,,All
289,Citizen Khan,2012,5,English,Comedy,,7+
290,Chuck,2008,5,English,Comedy,,16+
291,The Mindy Project,2013,6,English,Comedy,7.4,16+
292,Curious George,2007,1,English,Kids,,All
293,Johnny Bravo,1998,4,English,Kids,7.2,7+
294,Californication,2007,7,English,Comedy,8.3,18+
295,Sigmund and the Sea Monsters,2017,1,English,Kids,6.9,All
296,Casual,2015,4,English,Comedy,,18+
297,Munki and Trunk,2016,1,English,Kids,8.4,All
298,Anger Management,2012,5,English,Comedy,6.6,13+
299,Jean Claude Van Johnson,2017,1,English,Comedy,7.6,18+
300,Best of AIB,2014,1,Hindi,Comedy,8.2,16+
301,Forever,2018,1,English,Comedy,7.2,16+
302,Dennis the Menace,1985,2,English,Kids,6.3,All
303,Yes Minister: Specials,1980,4,English,Comedy,,All
304,I love Dick,2017,1,English,Comedy,6.2,18+
305,Raja aur Rancho,1996,1,Hindi,Comedy,,13+
306,Dilruk Jayasinha: Bundle of Joy,2020,1,English,"Arts, Entertainment, Culture",,16+
307,"Yes, Prime Minister",1986,2,English,Comedy,,All
308,Going Viral Pvt. Ltd.,2017,1,Hindi,Comedy,,All
309,PAC-MAN and the Ghostly Adventures,2013,2,English,Animation,,7+
310,El Juego de las Llaves,2019,1,Spanish,Comedy,,18+
311,Desperate Widows,2016,1,Suomi,"Drama, Comedy",6.5,16+
312,Coupling,2000,4,English,Comedy,,16+
313,Trial and Error,2017,2,English,Comedy,8,13+
314,Man's World,2015,1,Hindi,Comedy,7.3,13+
315,Anne Edmonds: What's Wrong with You?,2020,1,English,"Arts, Entertainment, Culture",6.4,16+
316,Red Oaks,2015,3,English,Comedy,7.9,18+
317,Censhorship in the Future,2015,1,English,Comedy,6.3,All
318,Alice Wettlund: My Mama is a Human and So Am I,2019,1,English,Comedy,4.7,16+
319,Die Trying,2018,1,English,Comedy,,16+
320,That Girl,1967,5,English,Comedy,7.1,7+
321,Little Big Awesome,2018,2,English,Kids,7.2,All
322,Celia Pacquola: All Talk,2020,1,English,Comedy,,16+
323,Tommy Little: Self-Diagnosed Genius,2020,1,English,"Arts, Entertainment, Culture",6.2,16+
324,Bananas in Pyjamas,2012,2,English,Kids,,All
325,The New Archie's,1988,1,English,Kids,6.7,7+
326,The Simple Life,2004,4,English,Comedy,,16+
327,The Detour,2016,4,English,Action,7.7,18+
328,Splitting Up Together,2018,2,English,Comedy,,18+
329,Paul Chowdhry: Live Innit,2019,1,English,"Arts, Entertainment, Culture",,18+
330,Danger and Eggs,2017,1,English,Comedy,6.6,All
331,EIC vs The World,2017,1,English,Comedy,8,16+
332,SNG: What if,2016,1,Hindi,Comedy,6,All
333,Living Biblically,2018,1,English,Comedy,,All
334,Kanan Gill: How Insensitive,2016,1,English,Comedy,7,All
335,Jim Gaffigan: Quality Time,2019,1,English,Comedy,7.6,13+
336,Angie Tribeca,2016,4,English,Comedy,7,16+
337,Inside Jokes,2018,1,English,"Arts, Entertainment, Culture",7.1,16+
338,Alice Fraser: Savage,2020,1,English,Comedy,,16+
339,Judith Lucy: Judith Lucy vs Men,2020,1,English,Comedy,6,18+
340,Zoe Coombs Marr: Bossy Bottom,2020,1,English,Comedy,,18+
341,The Grand Tour,2017,4,English,Sports,8.7,16+
342,The Adventures of Rocky and Bullwinkle,2018,2,English,Kids,5.4,All
343,The Adventures of Paddington Bear,2007,3,English,Kids,7.1,All
344,Chacha Bhatija,2016,2,Hindi,Kids,,7+
345,Lexx,1997,4,English,Sci-fi,,13+
346,Atchoo,2018,1,Hindi,Kids,,All
347,Tom Gleeson: Joy,2020,1,English,Comedy,6.3,16+
348,People of Earth,2016,2,English,Comedy,7.7,All
349,Son of Abish,2016,1,English,"Arts, Entertainment, Culture",7.3,13+
350,Tom Walker: Very Very,2020,1,English,Comedy,,16+
351,Jayde Adams: Serious Black Jumper,2020,1,English,Comedy,6.9,16+
352,Crisis in Six Scenes,2016,1,English,Comedy,6.6,18+
353,Alonzo Bodden: Heavy Lightweight,2019,1,English,Comedy,5.6,16+
354,Chris Ramsey: Approval Needed,2019,1,English,"Arts, Entertainment, Culture",7.2,16+
355,LOL: Australia,2020,1,English,Comedy,,All
356,#IMomSoHard Live,2019,1,English,Comedy,5.4,16+
357,Caligula,2018,1,Japanese,Comedy,,13+
358,Lano & Woodley: Fly,2020,1,English,Comedy,6.2,16+
359,The Late Show with James Corden,2018,2,English,Comedy,6.2,All
360,Spaced,1999,2,English,Comedy,,16+
361,Random Gappa,2017,1,Marathi,Comedy,,All
362,Rob Delaney: Jackie,2020,1,English,Comedy,6.4,18+
363,Mike E. Winfield: StepMan,2019,1,English,Comedy,6.3,16+
364,Ed Gamble: Blood Sugar,2019,1,English,"Arts, Entertainment, Culture",,16+
365,Mini Ninjas,2015,1,English,Comedy,,All
366,Loudermilk,2017,2,English,Comedy,,16+
367,Flo and Joan: Alive on Stage,2019,1,English,"Arts, Entertainment, Culture",,16+
368,Ilana Glazer: The Planet is Burning,2020,1,English,Comedy,3.7,18+
369,Scream Street,2015,1,English,Kids,7.1,All
370,"Me, Myself and I",2017,1,English,Comedy,7.2,All
371,Kung Fu Bunny,2016,1,English,Kids,,13+
372,The Kacey Musgraves Christmas Show,2019,1,English,Comedy,7.2,7+
373,Simon's Cat- Classic Collection,2018,1,English,Comedy,,All
374,The Danny Thomas Show,1958,3,English,Comedy,7.2,All
375,Hitoshi Matsumoto Presents Documental,2018,3,Japanese,Comedy,8,18+
376,Businessmen VS Aliens,2018,1,Japanese,Comedy,4.5,13+
377,Murphy Brown,2018,1,English,Comedy,,All
378,The Best of Groucho,1960,1,English,Comedy,,7+
379,WassUp With You,2018,2,Marathi,Comedy,,13+
380,Scooter: Secret Agent,2003,1,English,Comedy,6.8,All
381,LOL: Last one Laughing,2019,2,Spanish,Comedy,,18+
382,Faireez,2006,1,English,Comedy,,All
383,A New Kind Of Magic,2017,2,English,Comedy,,All
384,The Real McCoys,1958,6,English,Comedy,7.5,All
385,Uchimura Summers,2018,1,Japanese,"Arts, Entertainment, Culture",,13+
386,Paprika,2017,1,English,Kids,,All
387,Gattu- The Power Champ,2019,2,Hindi,Kids,,7+
388,Still Standing,2015,4,English,Comedy,,13+
389,Chris Tall Presents�,2019,1,Deutsch,Comedy,,16+
390,Short Poppies,2014,1,English,Comedy,,13+
391,The 2018 Rose Parade Hosted by Cord & Tish,2018,1,English,Comedy,,All
392,Aliens Love Underpants And,2017,1,English,Kids,,All
393,Gina Brillon: The Floor is Lava,2020,1,English,Comedy,,16+
394,The Great Adventure,2020,3,English,Action,7.2,All
395,Mystery Island,2018,2,Spanish,Thriller,6.5,16+
396,Robot Revolution,2021,1,English,Sci-Fi,8.0,13+
397,Fairy Tales Reimagined,2017,1,French,Fantasy,7.3,All
398,Spies in the Sky,2019,2,English,Action,7.4,13+
399,The Quantum Leap,2020,1,German,Sci-Fi,6.9,16+
400,Princess and the Dragon,2020,1,English,Fantasy,7.6,All
401,Halloween Night,2018,1,English,Horror,6.3,18+
402,The Hidden World,2021,2,Spanish,Drama,8.1,13+
403,Journey Through Time,2022,1,English,Adventure,7.8,All
404,Lost in the City,2019,1,Italian,Thriller,6.7,16+
405,Underwater Rescue,2020,1,English,Action,7.0,13+
406,Dreams Beyond,2021,1,English,Romance,7.5,16+
407,Cyber War,2020,1,Chinese,Sci-Fi,6.8,16+
408,Detective's Secret,2019,3,French,Crime,7.2,13+
409,The Haunted Castle,2018,2,English,Horror,6.9,18+
410,World’s Greatest Chef,2021,1,English,Reality,7.6,All
411,Superhero Squad,2021,1,Hindi,Action,7.7,13+
412,Romantic Journey,2019,2,Spanish,Romance,7.4,16+
413,The Last Knight,2020,1,English,Action,8.0,18+
414,The Magic of Music,2017,1,French,Music,7.5,All
415,Science Exploration,2022,1,English,Educational,7.3,All
416,Digital Dynasty,2018,1,Japanese,Drama,7.0,13+
417,Space Adventures,2021,1,English,Adventure,8.2,13+
418,The Silent Witness,2019,1,Spanish,Thriller,7.1,16+
419,The Last Escape,2022,1,English,Thriller,7.9,18+
420,Beauty Beyond,2020,1,English,Drama,6.8,13+
421,Dark Secrets,2021,1,German,Crime,7.3,18+
422,Ocean Mysteries,2020,2,English,Documentary,7.6,All
423,Chasing Shadows,2022,1,Spanish,Action,7.0,16+
424,The Last Hour,2021,2,English,Action,7.4,13+
425,Into the Unknown,2021,1,English,Adventure,8.0,All
426,Friends Forever,2020,1,English,Comedy,6.5,13+
427,Winter Wonderland,2019,1,English,Romance,6.7,All
428,Magical Creatures,2020,1,English,Fantasy,7.1,All
429,The Exiled King,2021,2,French,Action,7.3,18+
430,Lost in Paradise,2022,1,English,Drama,7.0,13+
431,Space Invaders,2020,2,English,Sci-Fi,7.4,13+
432,The Secret Path,2021,1,Italian,Adventure,7.5,16+
433,City of Dreams,2020,1,Spanish,Romance,6.8,13+
434,Midnight Escape,2022,1,English,Thriller,7.6,18+
435,Running Wild,2020,1,English,Adventure,7.9,13+
436,Frozen World,2019,1,English,Fantasy,7.0,13+
437,City Under Siege,2021,1,English,Action,7.4,16+
438,The Silent Voice,2021,2,Spanish,Romance,7.2,16+
439,Journey to the Stars,2021,1,English,Sci-Fi,8.1,13+
440,Echoes of the Past,2022,1,French,Drama,7.3,18+
441,Music in Motion,2020,1,English,Music,7.5,All
442,Desert Escape,2020,1,Hindi,Action,7.0,16+
443,Chasing the Horizon,2021,1,English,Adventure,7.9,13+
444,The Dark Side,2020,1,English,Thriller,7.1,18+
445,The Magical Forest,2021,1,English,Fantasy,7.3,All
446,Lovers Leap,2018,1,Spanish,Romance,6.9,13+
447,The Diamond Heist,2020,1,English,Crime,7.4,16+
448,The Mysterious Stranger,2021,1,English,Thriller,7.0,18+
449,Secret of the Sea,2022,1,English,Adventure,7.2,All
450,City of Secrets,2021,1,French,Thriller,7.8,16+
451,The Ghost Ship,2021,1,Spanish,Horror,6.6,18+
452,Whispers in the Night,2020,2,English,Thriller,7.5,18+
453,The Superhero's Journey,2021,1,Hindi,Action,7.1,13+
454,The Witch's Curse,2020,1,English,Horror,6.9,16+
455,Ocean Quest,2020,1,English,Adventure,7.4,All
456,The Unseen Enemy,2021,1,English,Action,8.2,16+
457,Crimson Sky,2020,2,English,Fantasy,7.5,13+
458,The Lucky Star,2018,1,Spanish,Romance,7.0,13+
459,Chasing Dreams,2020,1,English,Drama,7.3,All
460,The Dark Knights Return,2021,2,English,Action,8.0,13+
461,Wild Hearts,2019,1,English,Romance,7.0,All
462,Revenge of the Ruler,2020,2,English,Action,7.4,18+
463,Survivors Code,2021,1,Spanish,Action,7.2,16+
464,Endless Sky,2021,1,French,Adventure,7.6,13+
465,The Light of Hope,2020,1,English,Drama,7.5,All
466,Journey Beyond the Horizon,2020,1,Spanish,Adventure,7.3,13+
467,The Final Hour,2021,1,English,Thriller,7.8,18+
468,Stranger in the City,2020,1,English,Drama,6.8,16+
469,Dragon Rising,2021,1,Chinese,Fantasy,7.7,13+
470,The Magic Circle,2021,2,English,Fantasy,7.5,All
471,In the Shadows,2021,1,Spanish,Thriller,7.1,16+
472,The Brave Heart,2022,1,English,Action,7.2,13+
473,Whispers of the Sea,2020,2,English,Romance,7.4,13+
474,The Magic of Love,2021,1,French,Romance,7.5,All
475,Space Pioneers,2021,1,English,Sci-Fi,8.1,13+
476,The Shifting Sands,2021,1,Spanish,Action,7.2,16+
477,The Eternal War,2022,1,English,Action,7.9,18+
478,City of Chaos,2020,1,English,Thriller,7.3,16+
479,Frozen Secrets,2021,1,English,Fantasy,7.4,All
480,Midnight Runners,2022,1,English,Action,7.8,13+
481,Fall of the Empire,2021,1,French,Action,7.0,18+
482,The Vanishing Point,2020,2,English,Thriller,7.1,18+
483,Heart of the Dragon,2021,1,English,Adventure,8.0,13+
484,Chasing the Dream,2022,1,English,Drama,7.3,All
485,Summer of Love,2020,1,Spanish,Romance,7.2,13+
486,The Last Stand,2021,1,English,Action,8.1,16+
487,Secrets of the Forest,2022,1,English,Fantasy,7.4,All
488,Revolutionary Hearts,2021,1,English,Drama,7.2,13+
489,The Black Knight,2020,1,Spanish,Action,7.3,18+
490,Through the Fire,2022,1,English,Thriller,7.8,16+
491,Hidden Truths,2020,1,English,Drama,6.9,13+
492,The Ice Kingdom,2021,1,English,Fantasy,7.5,All
493,The Secret Society,2022,1,Spanish,Crime,7.4,16+
494,Silent Echoes,2021,1,French,Thriller,7.6,18+
495,The Great Heist,2021,2,English,Crime,7.3,16+
496,In the Depths,2022,1,Spanish,Action,7.8,18+
497,Chasing the Wind,2021,1,English,Drama,7.5,13+
498,Escape from the Island,2022,1,English,Adventure,7.2,13+
499,Fallen Kingdom,2021,1,French,Fantasy,7.0,16+
500,The Golden Rule,2021,1,Spanish,Romance,7.1,All
501,The Final Countdown,2022,1,English,Action,7.9,16+
502,Lost Treasure,2021,2,Spanish,Adventure,7.2,13+
503,Dark Secrets Revealed,2020,1,English,Thriller,7.6,18+
504,The Dragon's Lair,2021,1,English,Fantasy,7.4,All
505,Shadows of the Past,2020,2,French,Drama,6.9,16+
506,Midnight Escape,2021,1,English,Horror,7.3,18+
507,The Last Guardian,2021,1,English,Fantasy,8.0,13+
508,The Riddle of the Sphinx,2020,1,German,Adventure,7.2,13+
509,Firestorm,2021,1,English,Action,7.5,16+
510,Silent Night,2020,1,Spanish,Horror,7.1,18+
511,The Lost King,2022,1,English,Action,7.8,13+
512,Fool's Gold,2021,1,French,Adventure,7.3,16+
513,City of Lights,2020,1,English,Romance,6.8,All
514,The Dark Horizon,2021,2,Spanish,Thriller,7.4,16+
515,The Silver Arrow,2020,1,English,Action,7.6,13+
516,In the Depths of the Ocean,2021,1,French,Documentary,7.2,All
517,Quest for Freedom,2021,1,English,Action,7.9,13+
518,The Enchanted Kingdom,2020,1,Spanish,Fantasy,7.1,All
519,The Lost Artifact,2020,1,English,Adventure,7.3,13+
520,The Assassin's Code,2021,1,English,Crime,7.5,18+
521,Summer Dreams,2021,1,French,Romance,7.2,All
522,Escape from the City,2020,1,English,Thriller,7.0,16+
523,The Hidden Realm,2021,1,Spanish,Fantasy,7.3,13+
524,The Kings War,2022,1,English,Action,7.7,18+
525,The Phantom Stranger,2021,1,English,Thriller,7.5,16+
526,Chasing the Sun,2021,1,English,Adventure,7.6,13+
527,The Ghost Ship,2020,2,English,Horror,7.1,16+
528,The Wild Hunt,2021,1,French,Action,7.4,13+
529,Dark Enchantment,2020,1,Spanish,Fantasy,7.0,13+
530,The Missing Princess,2021,1,English,Fantasy,7.2,All
531,Falling Star,2021,1,English,Drama,7.0,13+
532,Secrets of the Forest,2021,1,English,Fantasy,7.5,All
533,The Golden Path,2022,1,English,Adventure,7.8,13+
534,The Silent Watcher,2021,1,Spanish,Thriller,7.4,18+
535,The Path to Glory,2021,1,English,Drama,7.3,16+
536,The Lost Expedition,2021,1,English,Adventure,7.6,13+
537,Into the Abyss,2021,1,French,Thriller,7.5,18+
538,Winter's End,2021,1,English,Action,7.2,13+
539,The Ice Fortress,2020,1,English,Fantasy,7.3,All
540,End of the Line,2021,1,English,Thriller,7.8,16+
541,The Warrior's Return,2020,1,Spanish,Action,7.5,13+
542,The Ice Queen,2021,1,English,Fantasy,7.1,All
543,The Secret Door,2021,2,English,Fantasy,7.7,13+
544,The Rebel Princess,2020,1,English,Action,7.3,16+
545,Through the Mist,2021,1,Spanish,Adventure,7.2,13+
546,The Eternal War,2022,1,French,Action,7.9,18+
547,The Final Strike,2021,1,English,Action,7.4,16+
548,Hidden Truths,2021,1,Spanish,Drama,6.8,13+
549,The Great Escape,2021,1,English,Action,7.8,13+
550,Secrets of the Tomb,2021,1,English,Thriller,7.2,18+
551,The Power of Fate,2020,1,Spanish,Action,7.1,13+
552,Return to the Kingdom,2020,1,English,Fantasy,7.5,All
553,The Secret of the Sea,2021,1,French,Adventure,7.6,13+
554,Through the Flames,2020,1,Spanish,Action,7.4,16+
555,The Great Heist,2021,2,English,Crime,7.8,18+
556,The Fallen Empire,2022,1,English,Action,7.9,16+
557,Into the Future,2021,1,English,Sci-Fi,8.0,13+
558,Love in the Air,2020,1,English,Romance,7.2,All
559,The Red Dragon,2021,1,English,Action,7.3,13+
560,The Hidden Truth,2020,2,French,Drama,7.1,16+
561,Chasing Shadows,2021,1,Spanish,Thriller,7.4,18+
562,The Awakening,2022,1,English,Fantasy,7.6,13+
563,The Legend Continues,2021,1,French,Action,7.2,16+
564,Winter's Curse,2020,1,English,Fantasy,7.1,All
565,The Phantom Knight,2021,1,Spanish,Action,7.5,13+
566,The Hidden World,2021,1,English,Action,7.8,13+
567,The Dark Queen,2022,1,English,Fantasy,7.7,All
568,Lost in the Wild,2021,1,French,Adventure,7.2,13+
569,The Dark Castle,2020,2,Spanish,Horror,7.4,18+
570,The Final Battle,2021,1,English,Action,7.9,18+
571,The Timekeeper,2022,1,English,Sci-Fi,8.0,13+
572,The Secret Keeper,2021,1,English,Crime,7.5,16+
573,The Forbidden Kingdom,2020,1,Spanish,Fantasy,7.2,All
574,Shattered Dreams,2020,1,English,Drama,6.9,16+
575,The Adventure Begins,2021,1,English,Adventure,7.4,13+
576,The Final Countdown,2021,1,Spanish,Action,7.3,16+
577,The Lost Island,2021,1,English,Adventure,7.6,13+
578,The Silent Witness,2020,1,French,Thriller,7.1,18+
579,The Storm is Coming,2020,2,English,Action,7.7,16+
580,City of Shadows,2021,1,English,Thriller,7.3,16+
581,The Dragon's Secret,2022,1,Spanish,Action,7.5,13+
582,The Last Hope,2021,1,English,Drama,7.2,18+
583,The Fallen Hero,2020,1,English,Action,7.1,13+
584,The White Knight,2021,1,French,Action,7.4,13+
585,Into the Abyss,2020,1,English,Fantasy,7.2,All
586,The Power of the Gods,2021,1,Spanish,Fantasy,7.8,13+
587,The Dark Age,2021,1,English,Action,7.5,18+
588,Chasing the Wind,2021,1,French,Drama,7.1,13+
589,The Princess's Curse,2020,1,English,Fantasy,7.6,All
590,End of the Road,2021,1,Spanish,Action,7.3,16+
591,The Final Hour,2021,2,English,Thriller,7.4,18+
592,The Desert King's Return,2020,1,English,Adventure,7.9,13+
593,The Heist of a Lifetime,2021,1,English,Crime,7.3,16+
594,The Eternal Flame,2021,1,French,Fantasy,7.5,All
595,The Last Samurai,2020,1,Spanish,Action,7.7,16+
596,The Awakening of the Beast,2021,1,English,Horror,7.4,18+
597,End of the Empire,2022,1,Spanish,Action,7.8,16+
598,The Fallen King,2020,1,English,Action,7.5,13+
599,Through the Tunnel,2021,1,French,Adventure,7.1,13+
600,The Prince's Quest,2020,1,English,Adventure,7.2,13+
601,The Lost World,2022,1,English,Action,7.6,13+
602,The Dark Journey,2021,1,Spanish,Thriller,7.7,18+
603,The Lions Roar,2021,1,English,Adventure,7.8,13+
604,The Warrior Princess,2021,1,French,Action,7.4,13+
605,The Silent River,2021,1,English,Drama,7.1,16+
606,Chasing Dreams,2021,1,Spanish,Romance,7.3,13+
607,The Secret Fortress,2021,1,English,Action,7.9,13+
608,The Demons Curse,2022,1,English,Horror,7.5,16+
609,City Under Siege,2021,1,Spanish,Thriller,7.6,16+
610,The Kingdoms Fall,2020,1,French,Action,7.8,18+
611,The Maze of Time,2021,1,English,Thriller,7.4,18+
612,The Lost Treasure,2021,1,Spanish,Adventure,7.5,13+
613,The Dark Knights Rise,2022,1,English,Action,7.9,13+
614,The Ghost in the Machine,2021,1,French,Sci-Fi,7.6,16+
615,The King's Fury,2021,1,Spanish,Action,7.4,18+
616,Revenge of the Fallen,2020,1,English,Action,7.8,16+
617,The Queens Curse,2022,1,English,Fantasy,7.3,All
618,The Shadow of the Beast,2021,1,Spanish,Thriller,7.5,16+
619,The Pirate's Treasure,2021,1,English,Adventure,7.7,13+
620,The Eternal Journey,2021,1,French,Fantasy,7.4,All
621,The Last Dream,2021,1,Spanish,Action,7.6,13+
622,The Demon Hunter,2021,1,English,Horror,7.2,18+
623,The Kings Dilemma,2020,1,Spanish,Fantasy,7.3,13+
624,Revenge of the Phoenix,2021,1,English,Action,7.5,16+
625,The Red Moon,2021,1,French,Thriller,7.8,18+
626,The Secret of Shadows,2020,1,English,Fantasy,7.2,All
627,The Lost Kingdom,2020,1,Spanish,Action,7.3,13+
628,The Final Legacy,2021,1,English,Drama,7.7,16+
629,The Golden Crown,2021,1,Spanish,Adventure,7.4,13+
630,The Eternal Hero,2020,1,French,Fantasy,7.6,All
631,The Unseen Enemy,2021,1,English,Action,7.8,16+
632,The Ice Tomb,2021,1,Spanish,Action,7.2,18+
633,The Curse of the Pharaoh,2021,1,English,Thriller,7.7,13+
634,The Warrior's Path,2020,1,English,Action,7.4,16+
635,The Queens Secret,2021,1,Spanish,Drama,7.3,16+
636,Chasing the Light,2022,1,English,Adventure,7.6,13+
637,The Last Sorcerer,2020,1,French,Fantasy,7.5,All
638,The Golden Dragon,2022,1,Spanish,Action,7.2,13+
639,The Crimson Sky,2021,1,English,Action,7.9,18+
640,The Warrior's Fate,2021,1,Spanish,Action,7.4,16+
641,The Magic Portal,2021,1,French,Fantasy,7.7,All
642,The Red Fortress,2021,1,English,Action,7.5,13+
643,The Legend of the Sword,2021,1,Spanish,Adventure,7.3,13+
644,The Final Hour,2021,1,English,Thriller,7.4,18+
645,The Dark Magic,2022,1,Spanish,Fantasy,7.8,13+
646,The Secret of Life,2021,1,English,Drama,7.5,All
647,Through the Shadows,2021,1,French,Thriller,7.2,16+
648,The City of Chaos,2020,1,English,Action,7.8,16+
649,The Enchanted Tower,2021,1,English,Fantasy,7.7,All
650,The Rulers Path,2021,1,French,Adventure,7.6,13+
651,Transformers: Revenge of the Fallen,2009,1,English,Action,6.0,13+
652,Avengers: Endgame,2019,1,English,Action,8.4,13+
653,Avatar,2009,1,English,Action,7.8,13+
654,The Dark Knight,2008,1,English,Action,9.0,13+
655,Iron Man,2008,1,English,Action,7.9,13+
656,Spider-Man: No Way Home,2021,1,English,Action,8.3,13+
657,Jurassic World,2015,1,English,Adventure,7.0,13+
658,Guardians of the Galaxy,2014,1,English,Action,8.0,13+
659,Star Wars: The Force Awakens,2015,1,English,Action,7.8,13+
660,The Matrix,1999,1,English,Sci-Fi,8.7,13+
661,Black Panther,2018,1,English,Action,7.3,13+
662,The Lion King,2019,1,English,Animation,6.9,All
663,Wonder Woman,2017,1,English,Action,7.4,13+
664,Avengers: Infinity War,2018,1,English,Action,8.4,13+
665,Shazam!,2019,1,English,Action,7.0,13+
666,Fast & Furious 7,2015,1,English,Action,7.1,13+
667,Deadpool,2016,1,English,Action,8.0,18+
668,Transformers: Dark of the Moon,2011,1,English,Action,6.2,13+
669,Thor: Ragnarok,2017,1,English,Action,7.9,13+
670,Inception,2010,1,English,Sci-Fi,8.8,13+
671,The Avengers,2012,1,English,Action,8.0,13+
672,Avatar: The Way of Water,2022,1,English,Action,7.7,13+
673,Spider-Man: Far From Home,2019,1,English,Action,7.5,13+
674,Guardians of the Galaxy Vol. 2,2017,1,English,Action,7.6,13+
675,Captain America: Civil War,2016,1,English,Action,7.8,13+
676,The Hobbit: An Unexpected Journey,2012,1,English,Adventure,7.8,13+
677,Pacific Rim,2013,1,English,Action,6.9,13+
678,Thor,2011,1,English,Action,7.0,13+
679,Doctor Strange,2016,1,English,Action,7.5,13+
680,Iron Man 3,2013,1,English,Action,7.1,13+
681,Guardians of the Galaxy Vol. 3,2023,1,English,Action,8.0,13+
682,Captain Marvel,2019,1,English,Action,6.8,13+
683,Avatar 2,2022,1,English,Action,7.7,13+
684,Furious 8,2017,1,English,Action,6.6,13+
685,Transformers: The Last Knight,2017,1,English,Action,5.2,13+
686,Justice League,2017,1,English,Action,6.2,13+
687,Iron Man 2,2010,1,English,Action,7.0,13+
688,Captain America: The Winter Soldier,2014,1,English,Action,7.8,13+
689,The Amazing Spider-Man,2012,1,English,Action,6.9,13+
690,The Amazing Spider-Man 2,2014,1,English,Action,6.6,13+
691,Suicide Squad,2016,1,English,Action,6.0,13+
692,Wonder Woman 1984,2020,1,English,Action,5.4,13+
693,X-Men: Days of Future Past,2014,1,English,Action,7.9,13+
694,The Incredibles 2,2018,1,English,Animation,7.6,All
695,Shazam! Fury of the Gods,2023,1,English,Action,6.1,13+
696,The Suicide Squad,2021,1,English,Action,7.2,18+
697,Spider-Man 2,2004,1,English,Action,7.3,13+
698,X-Men: Apocalypse,2016,1,English,Action,6.9,13+
699,Fantastic Four,2005,1,English,Action,5.7,13+
700,Fantastic Four: Rise of the Silver Surfer,2007,1,English,Action,5.6,13+
701,Doctor Strange in the Multiverse of Madness,2022,1,English,Action,6.9,13+
702,The Flash,2023,1,English,Action,6.9,13+
703,Aquaman,2018,1,English,Action,6.9,13+
704,Spider-Man,2002,1,English,Action,7.3,13+
705,Ant-Man,2015,1,English,Action,7.3,13+
706,The Avengers: Age of Ultron,2015,1,English,Action,7.3,13+
707,Captain America: The First Avenger,2011,1,English,Action,6.9,13+
708,X-Men: First Class,2011,1,English,Action,7.7,13+
709,Star Wars: The Last Jedi,2017,1,English,Action,6.9,13+
710,Star Wars: The Rise of Skywalker,2019,1,English,Action,6.5,13+
711,The Chronicles of Narnia: The Lion, The Witch and The Wardrobe,2005,1,English,Adventure,6.9,All
712,The Chronicles of Narnia: Prince Caspian,2008,1,English,Adventure,6.5,All
713,The Chronicles of Narnia: The Voyage of the Dawn Treader,2010,1,English,Adventure,6.3,All
714,Captain Marvel 2,2023,1,English,Action,7.2,13+
715,Star Wars: Rogue One,2016,1,English,Action,7.8,13+
716,Star Wars: Solo,2018,1,English,Action,6.9,13+
717,The Mummy,2017,1,English,Action,5.4,13+
718,The Dark Knight Rises,2012,1,English,Action,8.4,13+
719,Suicide Squad 2,2021,1,English,Action,7.2,13+
720,Batman v Superman: Dawn of Justice,2016,1,English,Action,6.4,13+
721,The Lego Movie,2014,1,English,Animation,7.7,All
722,The Lego Batman Movie,2017,1,English,Animation,7.3,All
723,Captain America: Civil War,2016,1,English,Action,7.8,13+
724,Thor: The Dark World,2013,1,English,Action,6.9,13+
725,Thor: Love and Thunder,2022,1,English,Action,6.3,13+
726,Avengers: Age of Ultron,2015,1,English,Action,7.3,13+
727,Deadpool 2,2018,1,English,Action,7.7,18+
728,The Equalizer 2,2018,1,English,Action,6.7,16+
729,Venom,2018,1,English,Action,6.7,13+
730,Venom: Let There Be Carnage,2021,1,English,Action,6.2,13+
731,Spider-Man 3,2007,1,English,Action,6.2,13+
732,X-Men: The Last Stand,2006,1,English,Action,6.7,13+
733,The Wolverine,2013,1,English,Action,6.7,13+
734,Logan,2017,1,English,Action,8.1,18+
735,The Amazing Spider-Man 2,2014,1,English,Action,6.6,13+
736,Transformers,2007,1,English,Action,7.0,13+
737,Transformers: Age of Extinction,2014,1,English,Action,6.0,13+
738,Transformers: The Last Knight,2017,1,English,Action,5.2,13+
739,Shazam,2019,1,English,Action,7.0,13+
740,Furious 7,2015,1,English,Action,7.1,13+
741,F8 of the Furious,2017,1,English,Action,6.6,13+
742,Star Wars: Episode I – The Phantom Menace,1999,1,English,Action,6.5,13+
743,Star Wars: Episode II – Attack of the Clones,2002,1,English,Action,6.6,13+
744,Star Wars: Episode III – Revenge of the Sith,2005,1,English,Action,7.6,13+
745,Iron Man 2,2010,1,English,Action,7.0,13+
746,The Incredible Hulk,2008,1,English,Action,6.7,13+
747,Thor: Ragnarok,2017,1,English,Action,7.9,13+
748,Black Widow,2021,1,English,Action,6.8,13+
749,The Mandalorian,2019,1,English,Sci-Fi,8.8,All
750,Guardians of the Galaxy,2014,1,English,Action,8.0,13+
751,Iron Man 3,2013,1,English,Action,7.1,13+
752,The Dark Knight,2008,1,English,Action,9.0,13+
753,Inception,2010,1,English,Sci-Fi,8.8,13+
754,Star Wars: The Force Awakens,2015,1,English,Action,7.8,13+
755,Star Wars: The Last Jedi,2017,1,English,Action,6.9,13+
756,Star Wars: The Rise of Skywalker,2019,1,English,Action,6.5,13+
757,Avengers: Endgame,2019,1,English,Action,8.4,13+
758,Avengers: Infinity War,2018,1,English,Action,8.4,13+
759,Guardians of the Galaxy Vol. 2,2017,1,English,Action,7.6,13+
760,Guardians of the Galaxy Vol. 3,2023,1,English,Action,8.0,13+
761,Spider-Man: No Way Home,2021,1,English,Action,8.3,13+
762,Spider-Man: Far From Home,2019,1,English,Action,7.5,13+
763,Black Panther,2018,1,English,Action,7.3,13+
764,Captain Marvel,2019,1,English,Action,6.8,13+
765,Doctor Strange,2016,1,English,Action,7.5,13+
766,Thor: Ragnarok,2017,1,English,Action,7.9,13+
767,Thor: Love and Thunder,2022,1,English,Action,6.3,13+
768,Deadpool,2016,1,English,Action,8.0,18+
769,Deadpool 2,2018,1,English,Action,7.7,18+
770,Captain America: Civil War,2016,1,English,Action,7.8,13+
771,Captain America: The Winter Soldier,2014,1,English,Action,7.8,13+
772,Captain America: The First Avenger,2011,1,English,Action,6.9,13+
773,Ant-Man,2015,1,English,Action,7.3,13+
774,Ant-Man and The Wasp,2018,1,English,Action,7.0,13+
775,Iron Man,2008,1,English,Action,7.9,13+
776,Iron Man 2,2010,1,English,Action,7.0,13+
777,Fantastic Four,2005,1,English,Action,5.7,13+
778,Fantastic Four: Rise of the Silver Surfer,2007,1,English,Action,5.6,13+
779,Fantastic Four,2015,1,English,Action,4.3,13+
780,X-Men,2000,1,English,Action,7.4,13+
781,X2: X-Men United,2003,1,English,Action,7.4,13+
782,X-Men: The Last Stand,2006,1,English,Action,6.7,13+
783,X-Men: First Class,2011,1,English,Action,7.7,13+
784,X-Men: Days of Future Past,2014,1,English,Action,7.9,13+
785,X-Men: Apocalypse,2016,1,English,Action,6.9,13+
786,Logan,2017,1,English,Action,8.1,18+
787,The Wolverine,2013,1,English,Action,6.7,13+
788,Deadpool 2,2018,1,English,Action,7.7,18+
789,The Amazing Spider-Man,2012,1,English,Action,6.9,13+
790,The Amazing Spider-Man 2,2014,1,English,Action,6.6,13+
791,Spider-Man,2002,1,English,Action,7.3,13+
792,Spider-Man 2,2004,1,English,Action,7.3,13+
793,Spider-Man 3,2007,1,English,Action,6.2,13+
794,Batman Begins,2005,1,English,Action,8.2,13+
795,The Dark Knight Rises,2012,1,English,Action,8.4,13+
796,Batman v Superman: Dawn of Justice,2016,1,English,Action,6.4,13+
797,Wonder Woman,2017,1,English,Action,7.4,13+
798,Wonder Woman 1984,2020,1,English,Action,5.4,13+
799,The Suicide Squad,2021,1,English,Action,7.2,18+
800,Suicide Squad,2016,1,English,Action,6.0,13+
801,Aquaman,2018,1,English,Action,6.9,13+
802,Shazam!,2019,1,English,Action,7.0,13+
803,Shazam! Fury of the Gods,2023,1,English,Action,6.1,13+
804,The Flash,2023,1,English,Action,6.9,13+
805,Justice League,2017,1,English,Action,6.2,13+
806,Green Lantern,2011,1,English,Action,5.5,13+
807,Venom,2018,1,English,Action,6.7,13+
808,Venom: Let There Be Carnage,2021,1,English,Action,6.2,13+
809,Shazam,2019,1,English,Action,7.0,13+
810,Spider-Man: Into the Spider-Verse,2018,1,English,Animation,8.4,All
811,Guardians of the Galaxy,2014,1,English,Action,8.0,13+
812,Guardians of the Galaxy Vol. 3,2023,1,English,Action,8.0,13+
813,The Lego Movie,2014,1,English,Animation,7.7,All
814,The Lego Batman Movie,2017,1,English,Animation,7.3,All
815,The Incredibles 2,2018,1,English,Animation,7.6,All
816,Spider-Man: Across the Spider-Verse,2023,1,English,Animation,8.6,All
817,Star Wars: Rogue One,2016,1,English,Action,7.8,13+
818,Star Wars: Solo,2018,1,English,Action,6.9,13+
819,The Mandalorian,2019,1,English,Sci-Fi,8.8,All
820,Avatar: The Way of Water,2022,1,English,Action,7.7,13+
821,Avatar,2009,1,English,Action,7.8,13+
822,Transformers: Revenge of the Fallen,2009,1,English,Action,6.0,13+
823,Transformers: Dark of the Moon,2011,1,English,Action,6.2,13+
824,Transformers: Age of Extinction,2014,1,English,Action,6.0,13+
825,Transformers: The Last Knight,2017,1,English,Action,5.2,13+
826,Furious 7,2015,1,English,Action,7.1,13+
827,Furious 8,2017,1,English,Action,6.6,13+
828,The Fast and the Furious,2001,1,English,Action,6.8,13+
829,2 Fast 2 Furious,2003,1,English,Action,5.9,13+
830,Fast & Furious 6,2013,1,English,Action,7.0,13+
831,Furious 9,2021,1,English,Action,5.2,13+
832,The Fate of the Furious,2017,1,English,Action,6.6,13+
833,Fast X,2023,1,English,Action,5.6,13+
834,Transformers,2007,1,English,Action,7.0,13+
835,The Dark Knight,2008,1,English,Action,9.0,13+
836,The Matrix,1999,1,English,Sci-Fi,8.7,13+
837,The Matrix Reloaded,2003,1,English,Sci-Fi,7.2,13+
838,The Matrix Revolutions,2003,1,English,Sci-Fi,6.8,13+
839,Jurassic World,2015,1,English,Adventure,7.0,13+
840,Jurassic World: Fallen Kingdom,2018,1,English,Adventure,6.2,13+
841,Jurassic World: Dominion,2022,1,English,Adventure,6.0,13+
842,King Kong,2005,1,English,Adventure,7.2,13+
843,Godzilla: King of the Monsters,2019,1,English,Action,6.0,13+
844,Godzilla vs. Kong,2021,1,English,Action,6.3,13+
845,Pacific Rim,2013,1,English,Action,6.9,13+
846,Pacific Rim: Uprising,2018,1,English,Action,5.6,13+
847,Edge of Tomorrow,2014,1,English,Sci-Fi,7.9,13+
848,Interstellar,2014,1,English,Sci-Fi,8.6,13+
849,Looper,2012,1,English,Sci-Fi,6.9,13+
850,Dredd,2012,1,English,Action,7.1,13+
851,Naruto: The Movie,2004,1,Japanese,Animation,7.2,13+
852,Naruto Shippuden: The Movie,2007,1,Japanese,Animation,7.3,13+
853,One Piece Film: Z,2012,1,Japanese,Animation,7.9,13+
854,Dragon Ball Z: Battle of Gods,2013,1,Japanese,Animation,7.1,13+
855,Dragon Ball Z: Resurrection 'F',2015,1,Japanese,Animation,7.0,13+
856,My Neighbor Totoro,1988,1,Japanese,Animation,8.2,All
857,Spirited Away,2001,1,Japanese,Animation,8.6,All
858,Princess Mononoke,1997,1,Japanese,Animation,8.4,13+
859,Howl's Moving Castle,2004,1,Japanese,Animation,8.2,All
860,Kiki's Delivery Service,1989,1,Japanese,Animation,7.9,All
861,Ponyo,2008,1,Japanese,Animation,7.7,All
862,The Wind Rises,2013,1,Japanese,Animation,7.8,All
863,The Tale of the Princess Kaguya,2013,1,Japanese,Animation,8.0,All
864,Your Name,2016,1,Japanese,Animation,8.4,All
865,Weathering With You,2019,1,Japanese,Animation,7.5,All
866,A Silent Voice,2016,1,Japanese,Animation,8.1,All
867,Akira,1988,1,Japanese,Animation,8.0,13+
868,Ghost in the Shell,1995,1,Japanese,Animation,8.0,13+
869,My Hero Academia: Two Heroes,2018,1,Japanese,Animation,7.5,13+
870,My Hero Academia: Heroes Rising,2019,1,Japanese,Animation,7.8,13+
871,Dragon Ball Super: Broly,2018,1,Japanese,Animation,8.1,13+
872,Attack on Titan: The Movie,2015,1,Japanese,Animation,5.4,13+
873,Neon Genesis Evangelion: The End of Evangelion,1997,1,Japanese,Animation,8.5,13+
874,Neon Genesis Evangelion: Death & Rebirth,1997,1,Japanese,Animation,7.4,13+
875,The Secret World of Arrietty,2010,1,Japanese,Animation,7.6,All
876,Mewtwo Strikes Back,1998,1,Japanese,Animation,6.4,All
877,The Simpsons Movie,2007,1,English,Animation,7.3,All
878,Bee Movie,2007,1,English,Animation,6.1,All
879,Shrek,2001,1,English,Animation,7.9,All
880,Shrek 2,2004,1,English,Animation,7.3,All
881,Shrek the Third,2007,1,English,Animation,6.1,All
882,Shrek Forever After,2010,1,English,Animation,6.3,All
883,Kung Fu Panda,2008,1,English,Animation,7.6,All
884,Kung Fu Panda 2,2011,1,English,Animation,7.3,All
885,Kung Fu Panda 3,2016,1,English,Animation,6.1,All
886,How to Train Your Dragon,2010,1,English,Animation,8.1,All
887,How to Train Your Dragon 2,2014,1,English,Animation,7.8,All
888,How to Train Your Dragon: The Hidden World,2019,1,English,Animation,7.5,All
889,Trolls,2016,1,English,Animation,6.5,All
890,Trolls World Tour,2020,1,English,Animation,6.1,All
891,Zootopia,2016,1,English,Animation,8.0,All
892,Frozen,2013,1,English,Animation,7.4,All
893,Frozen II,2019,1,English,Animation,6.8,All
894,Big Hero 6,2014,1,English,Animation,7.8,All
895,Ratatouille,2007,1,English,Animation,8.0,All
896,Wreck-It Ralph,2012,1,English,Animation,7.7,All
897,Ralph Breaks the Internet,2018,1,English,Animation,6.3,All
898,Moana,2016,1,English,Animation,7.6,All
899,Coco,2017,1,English,Animation,8.4,All
900,The Incredibles,2004,1,English,Animation,8.0,All
901,The Incredibles 2,2018,1,English,Animation,7.6,All
902,Despicable Me,2010,1,English,Animation,7.6,All
903,Despicable Me 2,2013,1,English,Animation,7.4,All
904,Despicable Me 3,2017,1,English,Animation,6.3,All
905,Minions,2015,1,English,Animation,6.4,All
906,Minions: The Rise of Gru,2022,1,English,Animation,6.2,All
907,The Lion King,1994,1,English,Animation,8.5,All
908,The Lion King (2019),2019,1,English,Animation,6.9,All
909,Aladdin,1992,1,English,Animation,8.0,All
910,Aladdin (2019),2019,1,English,Animation,6.9,All
911,Bambi,1942,1,English,Animation,7.3,All
912,Beauty and the Beast,1991,1,English,Animation,8.0,All
913,The Little Mermaid,1989,1,English,Animation,7.6,All
914,101 Dalmatians,1961,1,English,Animation,7.3,All
915,Peter Pan,1953,1,English,Animation,7.3,All
916,Pinocchio,1940,1,English,Animation,7.9,All
917,Dumbo,1941,1,English,Animation,6.9,All
918,Cinderella,1950,1,English,Animation,7.3,All
919,Snow White and the Seven Dwarfs,1937,1,English,Animation,7.6,All
920,Bambi,1942,1,English,Animation,7.3,All
921,Tangled,2010,1,English,Animation,7.7,All
922,The Princess and the Frog,2009,1,English,Animation,7.1,All
923,The Sword in the Stone,1963,1,English,Animation,7.2,All
924,Robin Hood,1973,1,English,Animation,7.6,All
925,The Fox and the Hound,1981,1,English,Animation,7.3,All
926,The Rescuers,1977,1,English,Animation,6.9,All
927,The Great Mouse Detective,1986,1,English,Animation,7.2,All
928,Oliver & Company,1988,1,English,Animation,6.7,All
929,Atlantis: The Lost Empire,2001,1,English,Animation,6.9,All
930,Lilo & Stitch,2002,1,English,Animation,7.3,All
931,Meet the Robinsons,2007,1,English,Animation,6.9,All
932,The Emperor's New Groove,2000,1,English,Animation,7.4,All
933,The Hunchback of Notre Dame,1996,1,English,Animation,6.9,All
934,Fantasia,1940,1,English,Animation,7.8,All
935,Fantasia 2000,1999,1,English,Animation,6.9,All
936,The Black Cauldron,1985,1,English,Animation,6.3,All
937,The Jungle Book,1967,1,English,Animation,7.6,All
938,The Jungle Book (2016),2016,1,English,Animation,7.4,All
939,The Aristocats,1970,1,English,Animation,7.0,All
940,The Many Adventures of Winnie the Pooh,1977,1,English,Animation,7.6,All
941,The Rescuers Down Under,1990,1,English,Animation,6.9,All
942,The Secret of Kells,2009,1,English,Animation,7.6,All
943,The Triplets of Belleville,2003,1,French,Animation,7.8,All
944,Coraline,2009,1,English,Animation,7.7,All
945,ParaNorman,2012,1,English,Animation,7.0,All
946,Frankenweenie,2012,1,English,Animation,6.9,All
947,The Boxtrolls,2014,1,English,Animation,6.8,All
948,The Nightmare Before Christmas,1993,1,English,Animation,8.0,All
949,James and the Giant Peach,1996,1,English,Animation,6.9,All
950,The Lego Ninjago Movie,2017,1,English,Animation,6.0,All
951,The Lego Movie 2: The Second Part,2019,1,English,Animation,6.6,All
952,Spider-Man: Into the Spider-Verse,2018,1,English,Animation,8.4,All
953,The Willoughbys,2020,1,English,Animation,6.4,All
954,Hotel Transylvania,2012,1,English,Animation,6.9,All
955,Hotel Transylvania 2,2015,1,English,Animation,6.7,All
956,Hotel Transylvania 3: Summer Vacation,2018,1,English,Animation,6.3,All
957,Minions and More 1,2020,1,English,Animation,6.2,All
958,Tom and Jerry: The Movie,2021,1,English,Animation,5.2,All
959,Scoob!,2020,1,English,Animation,5.7,All
960,The SpongeBob SquarePants Movie,2004,1,English,Animation,7.0,All
961,Sponge on the Run,2020,1,English,Animation,5.7,All
962,Rugrats in Paris: The Movie,2000,1,English,Animation,6.0,All
963,The Croods,2013,1,English,Animation,7.0,All
964,The Croods: A New Age,2020,1,English,Animation,6.8,All
965,Ice Age,2002,1,English,Animation,6.9,All
966,Ice Age: The Meltdown,2006,1,English,Animation,6.8,All
967,Ice Age: Dawn of the Dinosaurs,2009,1,English,Animation,6.9,All
968,Ice Age: Continental Drift,2012,1,English,Animation,6.5,All
969,Ice Age: Collision Course,2016,1,English,Animation,5.7,All
970,Cloudy with a Chance of Meatballs,2009,1,English,Animation,6.9,All
971,Cloudy with a Chance of Meatballs 2,2013,1,English,Animation,6.3,All
972,Ferdinand,2017,1,English,Animation,6.7,All
973,Arthur and the Invisibles,2006,1,English,Animation,6.0,All
974,Storks,2016,1,English,Animation,6.8,All
975,The Angry Birds Movie,2016,1,English,Animation,6.3,All
976,The Angry Birds Movie 2,2019,1,English,Animation,6.4,All
977,Despicable Me 4,2024,1,English,Animation,6.5,All
978,The Lego Movie,2014,1,English,Animation,7.7,All
979,The Lego Movie 2: The Second Part,2019,1,English,Animation,6.6,All
980,The Lego Ninjago Movie,2017,1,English,Animation,6.0,All
981,Atlantis: The Lost Empire,2001,1,English,Animation,6.9,All
982,Shrek,2001,1,English,Animation,7.9,All
983,Shrek 2,2004,1,English,Animation,7.3,All
984,Shrek Forever After,2010,1,English,Animation,6.3,All
985,Tangled,2010,1,English,Animation,7.7,All
986,Moana,2016,1,English,Animation,7.6,All
987,The Princess and the Frog,2009,1,English,Animation,7.1,All
988,Pinocchio,1940,1,English,Animation,7.9,All
989,101 Dalmatians,1961,1,English,Animation,7.3,All
990,Snow White and the Seven Dwarfs,1937,1,English,Animation,7.6,All
991,Peter Pan,1953,1,English,Animation,7.3,All
992,Cinderella,1950,1,English,Animation,7.3,All
993,The Fox and the Hound,1981,1,English,Animation,7.3,All
994,The Rescuers Down Under,1990,1,English,Animation,6.9,All
995,The Secret of Kells,2009,1,English,Animation,7.6,All
996,The Triplets of Belleville,2003,1,French,Animation,7.8,All
997,Coraline,2009,1,English,Animation,7.7,All
998,ParaNorman,2012,1,English,Animation,7.0,All
999,Frankenweenie,2012,1,English,Animation,6.9,All
1000,The Boxtrolls,2014,1,English,Animation,6.8,All
1001,Naruto,2002,1,Japanese,Anime,8.3,13+
1002,Naruto Shippuden,2007,1,Japanese,Anime,8.6,13+
1003,Attack on Titan,2013,1,Japanese,Anime,8.8,16+
1004,One Piece,1999,1,Japanese,Anime,8.6,13+
1005,Dragon Ball Z,1989,1,Japanese,Anime,8.7,13+
1006,Dragon Ball Super,2015,1,Japanese,Anime,7.8,13+
1007,My Hero Academia,2016,1,Japanese,Anime,8.4,13+
1008,Demon Slayer: Kimetsu no Yaiba,2019,1,Japanese,Anime,8.7,13+
1009,Fullmetal Alchemist: Brotherhood,2009,1,Japanese,Anime,9.2,13+
1010,Tokyo Ghoul,2014,1,Japanese,Anime,7.9,16+
1011,Death Note,2006,1,Japanese,Anime,8.6,16+
1012,One Punch Man,2015,1,Japanese,Anime,8.8,13+
1013,Attack on Titan: The Final Season,2020,1,Japanese,Anime,9.1,16+
1014,The Seven Deadly Sins,2014,1,Japanese,Anime,7.9,13+
1015,JoJo's Bizarre Adventure,2012,1,Japanese,Anime,8.6,13+
1016,Neon Genesis Evangelion,1995,1,Japanese,Anime,8.5,13+
1017,Your Name,2016,1,Japanese,Anime,8.4,All
1018,Re:Zero - Starting Life in Another World,2016,1,Japanese,Anime,8.3,16+
1019,Code Geass: Lelouch of the Rebellion,2006,1,Japanese,Anime,8.7,16+
1020,Steins;Gate,2011,1,Japanese,Anime,8.8,16+
1021,Inuyasha,2000,1,Japanese,Anime,7.9,13+
1022,The Promised Neverland,2019,1,Japanese,Anime,8.0,13+
1023,Black Clover,2017,1,Japanese,Anime,7.9,13+
1024,Food Wars!,2015,1,Japanese,Anime,8.0,13+
1025,Fairy Tail,2009,1,Japanese,Anime,7.8,13+
1026,Haikyuu!!,2014,1,Japanese,Anime,8.6,13+
1027,Mob Psycho 100,2016,1,Japanese,Anime,8.5,13+
1028,Great Pretender,2020,1,Japanese,Anime,8.1,13+
1029,Beastars,2019,1,Japanese,Anime,8.0,13+
1030,Akame ga Kill!,2014,1,Japanese,Anime,7.8,16+
1031,Angel Beats!,2010,1,Japanese,Anime,8.0,13+
1032,Black Lagoon,2006,1,Japanese,Anime,8.0,16+
1033,Hunter x Hunter,2011,1,Japanese,Anime,8.9,13+
1034,Trigun,1998,1,Japanese,Anime,8.2,13+
1035,Attack on Titan: No Regrets,2014,1,Japanese,Anime,8.1,16+
1036,Tokyo Revengers,2021,1,Japanese,Anime,7.8,13+
1037,Psycho-Pass,2012,1,Japanese,Anime,8.2,16+
1038,Naruto: Shippuden Movie 3,2009,1,Japanese,Anime,7.3,13+
1039,The Devil Is a Part-Timer!,2013,1,Japanese,Anime,7.9,13+
1040,Blue Exorcist,2011,1,Japanese,Anime,7.7,13+
1041,Overlord,2015,1,Japanese,Anime,8.0,13+
1042,Mob Psycho 100 II,2019,1,Japanese,Anime,8.8,13+
1043,Trinity Seven,2014,1,Japanese,Anime,7.5,16+
1044,No Game No Life,2014,1,Japanese,Anime,8.0,13+
1045,The Rising of the Shield Hero,2019,1,Japanese,Anime,8.0,13+
1046,Clannad,2007,1,Japanese,Anime,8.2,13+
1047,Clannad: After Story,2008,1,Japanese,Anime,8.8,13+
1048,The Ancient Magus' Bride,2017,1,Japanese,Anime,8.1,16+
1049,Promare,2019,1,Japanese,Anime,7.7,13+
1050,Beelzebub,2011,1,Japanese,Anime,7.5,13+
1051,Death Parade,2015,1,Japanese,Anime,8.0,16+
1052,March Comes in Like a Lion,2016,1,Japanese,Anime,8.5,13+
1053,Little Witch Academia,2017,1,Japanese,Anime,7.9,13+
1054,The Rising of the Shield Hero,2019,1,Japanese,Anime,8.0,13+
1055,Attack on Titan: Junior High,2015,1,Japanese,Anime,6.8,13+
1056,The Quintessential Quintuplets,2019,1,Japanese,Anime,7.9,13+
1057,Attack on Titan: Lost Girls,2017,1,Japanese,Anime,7.6,13+
1058,Beelzebub,2011,1,Japanese,Anime,7.5,13+
1059,JoJo's Bizarre Adventure: Stardust Crusaders,2014,1,Japanese,Anime,8.6,13+
1060,Monogatari Series,2009,1,Japanese,Anime,8.2,13+
1061,The Irregular at Magic High School,2014,1,Japanese,Anime,7.8,13+
1062,Attack on Titan: The Final Season Part 2,2022,1,Japanese,Anime,9.1,16+
1063,Little Witch Academia,2017,1,Japanese,Anime,7.9,13+
1064,Tokyo Ghoul:re,2018,1,Japanese,Anime,7.5,16+
1065,Beastars,2019,1,Japanese,Anime,8.0,13+
1066,Haikyuu!!: To the Top,2020,1,Japanese,Anime,8.3,13+
1067,The Promised Neverland 2,2021,1,Japanese,Anime,7.2,13+
1068,Puella Magi Madoka Magica,2011,1,Japanese,Anime,8.4,13+
1069,Neon Genesis Evangelion: The End of Evangelion,1997,1,Japanese,Anime,8.5,13+
1070,Attack on Titan: Season 2,2017,1,Japanese,Anime,8.6,16+
1071,Attack on Titan: Season 3,2018,1,Japanese,Anime,8.7,16+
1072,Great Pretender,2020,1,Japanese,Anime,8.1,13+
1073,The Rising of the Shield Hero,2019,1,Japanese,Anime,8.0,13+
1074,No Game No Life,2014,1,Japanese,Anime,8.0,13+
1075,Black Clover: Sword of the Wizard King,2023,1,Japanese,Anime,7.5,13+
1076,Assassination Classroom,2015,1,Japanese,Anime,8.4,13+
1077,Erased,2016,1,Japanese,Anime,8.5,13+
1078,March Comes in Like a Lion,2016,1,Japanese,Anime,8.5,13+
1079,Fruits Basket,2019,1,Japanese,Anime,8.7,13+
1080,Hellsing,2001,1,Japanese,Anime,8.2,16+
1081,High School DxD,2012,1,Japanese,Anime,7.6,16+
1082,Black Lagoon,2006,1,Japanese,Anime,8.0,16+
1083,Trigun,1998,1,Japanese,Anime,8.2,13+
1084,Your Lie in April,2014,1,Japanese,Anime,8.6,13+
1085,Angel Beats!,2010,1,Japanese,Anime,8.0,13+
1086,The Ancient Magus' Bride,2017,1,Japanese,Anime,8.1,16+
1087,Log Horizon,2013,1,Japanese,Anime,7.8,13+
1088,Overlord II,2018,1,Japanese,Anime,8.0,13+
1089,Beastars 2,2021,1,Japanese,Anime,8.0,13+
1090,The Great Pretender,2020,1,Japanese,Anime,8.1,13+
1091,Food Wars! The Fourth Plate,2019,1,Japanese,Anime,8.0,13+
1092,Dr. Stone,2019,1,Japanese,Anime,8.3,13+
1093,Beelzebub,2011,1,Japanese,Anime,7.5,13+
1094,Kaguya-sama: Love Is War,2019,1,Japanese,Anime,8.7,13+
1095,One Punch Man 2,2019,1,Japanese,Anime,7.7,13+
1096,Sword Art Online,2012,1,Japanese,Anime,7.6,13+
1097,The Irregular at Magic High School,2014,1,Japanese,Anime,7.8,13+
1098,Re:Zero - Starting Life in Another World 2,2020,1,Japanese,Anime,8.3,16+
1099,JoJo's Bizarre Adventure: Diamond Is Unbreakable,2016,1,Japanese,Anime,8.6,13+
1100,Spice and Wolf,2008,1,Japanese,Anime,8.0,13+
1132,AAAnomali,2008,1,Japanese,Anime,8.0,13+
1133,HSHIWolf,2008,1,Japanese,Anime,8.0,13+
1132,AAAnomali,2008,1,Japanese,Anime,8.0,13+